{"mean": [16.690316421778718, 2.54376315701431, 3.662593704085407, 18.373315735870992, 126.99026065094081, 124.77483127330832, 7.1198280426742215, 19.781889564962047, 2.9266650044210745, 1.8723262798752516, 0.32839075428931935, 0.0787791825471965, 1.0454961052821945, 1.9928627908449643, 3.3806976561569475, 114.1042132712607, 85.00251667546526, 0.9768358019306499, 1.2181207382003716, 6.641359559162999, 0.37257521755265943, 1.3408604456646451, 25.418963682939857, 33.3848695468392, 42.97916046219778, 0.5349823053915301, 9.389419107173852, 167.29833820082322, 3.046596107280282, 0.2963273256910999, 30.77534128307923, 10.6418439467342, 20.142502056739417, 144.88091046931407, 21.06585404238554, 0.0012749209331368381, 7.381178499131337e-05, 8.609846721346987e-05, 0.00030544210623074616, 0.0016454182709841518, 8.373740701033158e-05, 0.00021003120496363624, 0.0021272579357411105, 2.3851292634615388e-05, 1.742141509111744e-06, 1.1925646317307694e-05, 0.00010640243881472944, 0.00013599592155503552, 0.1259646592841128, 0.0168883025971433, 0.11254283433128243, 0.11440964211141133, 0.1841918996379784, 0.05002110627361203, 0.039391859660415356, 0.04484505485109618, 0.009145463543740474, 0.022793514740694843, 0.009725797241777379, 0.018160077360252172, 0.018529571820586014, 0.01585752216588534, 0.0575359941335677, 0.052731746655031, 0.047809354474679, 0.026752875163870187, 0.018483691607026974, 0.045352126914092024, 0.007988045470810305, 0.04690477614971597, 0.04676351941926171, 0.01583636431571547, 0.016033335190089416, 0.01564729611614766, 0.04013787445440598, 0.04081551592489261, 0.005666034452682176, 0.005457344238222264, 0.02305100784032448, 0.02283766427420207, 0.018499359419151682, 0.2204554462208939, 0.05260549297217823, 1.0, 1.0, 1.0, 1.0, 1.0, 1.0, 1.0, 1.0, 1.0, 1.0, 1.0, 1.0, 1.0], "variance": [1183.0261893445445, 224.7415145339591, 704.4529170365776, 1425.6352716809301, 7371.803947591563, 9504.930779104612, 38.22877063590642, 135.66478548141356, 82.83385196638483, 108.53752493610168, 1.5438909969402674, 9.245275837236514, 1.9957506825314237, 8.329529752919626, 2.5890460696572593, 2839.7943582002063, 1654.4003635477602, 1.0873018635319989, 3.558439739047885, 12.07385268023247, 1.5713239451800538, 2.6266566431787313, 657.1585933940804, 47955.62688578511, 144887.51377360435, 5.10887118642025, 73.11950854991788, 19070.08503062561, 159.33169237787413, 38.11938689821661, 4495.966276409409, 376.1927127018889, 1522.0214425042166, 7465.823260339799, 125.61901893826087, 0.0012732955097510875, 7.380633681170977e-05, 8.609105426741336e-05, 0.0003053488113504875, 0.0016427108696976634, 8.373039505699876e-05, 0.00020998709185657776, 0.002122732709415937, 2.3850723750455045e-05, 1.742138474054706e-06, 1.1925504096267609e-05, 0.00010639111733574372, 0.0001359774266643559, 0.11009756389555017, 0.016603087832530623, 0.09987694477196395, 0.1013200759033501, 0.1502652437457313, 0.04751899520077604, 0.0378401410529095, 0.04283397590649836, 0.009061824040310588, 0.02227397042646057, 0.009631206109789214, 0.017830288950521828, 0.01818622678873176, 0.015606061156643794, 0.05422560351262976, 0.04995110954974062, 0.045523620099393494, 0.026037158834336566, 0.018142044751603293, 0.043295311498460116, 0.007924236600366572, 0.04470471812406101, 0.044576692670786046, 0.015585573880975404, 0.015776267352771656, 0.01540245824040125, 0.03852682548868833, 0.03914960958467745, 0.005633930506263194, 0.005427561632087807, 0.02251965887786978, 0.022316105364700904, 0.018157133120232725, 0.17185484245244048, 0.04983815508133234, 1.0, 1.0, 1.0, 1.0, 1.0, 1.0, 1.0, 1.0, 1.0, 1.0, 1.0, 1.0, 1.0], "n_features": 96, "count": 174497880}